<?xml version="1.0" encoding="UTF-8"?>
<project-private xmlns="http://www.netbeans.org/ns/project-private/1">
    <editor-bookmarks xmlns="http://www.netbeans.org/ns/editor-bookmarks/2" lastBookmarkId="0"/>
    <open-files xmlns="http://www.netbeans.org/ns/projectui-open-files/2">
        <group>
            <file>file:/D:/final%20web%20sampreeth/car_management/web/minor_checks_update.html</file>
            <file>file:/D:/final%20web%20sampreeth/car_management/web/minor_checks_delete.jsp</file>
            <file>file:/D:/final%20web%20sampreeth/car_management/web/login.html</file>
            <file>file:/D:/final%20web%20sampreeth/car_management/web/car_owner_reg_dis.jsp</file>
            <file>file:/D:/final%20web%20sampreeth/car_management/web/rc_card_update.jsp</file>
            <file>file:/D:/final%20web%20sampreeth/car_management/web/style.css</file>
            <file>file:/D:/final%20web%20sampreeth/car_management/web/rc_card_insert.html</file>
            <file>file:/D:/final%20web%20sampreeth/car_management/web/allview.jsp</file>
            <file>file:/D:/final%20web%20sampreeth/car_management/web/rc_card_insert.jsp</file>
            <file>file:/D:/final%20web%20sampreeth/car_management/web/car_service_reg_ins.jsp</file>
            <file>file:/D:/final%20web%20sampreeth/car_management/web/script.js</file>
            <file>file:/D:/final%20web%20sampreeth/car_management/web/newhtml.html</file>
            <file>file:/D:/final%20web%20sampreeth/car_management/web/car_reg_dis.jsp</file>
            <file>file:/D:/final%20web%20sampreeth/car_management/web/car_owner_reg.html</file>
            <file>file:/D:/final%20web%20sampreeth/car_management/web/car_owner_update.html</file>
            <file>file:/D:/final%20web%20sampreeth/car_management/web/car_reg_del.jsp</file>
            <file>file:/D:/final%20web%20sampreeth/car_management/web/rc_card_display.jsp</file>
            <file>file:/D:/final%20web%20sampreeth/car_management/web/car_owner_reg_delete.jsp</file>
            <file>file:/D:/final%20web%20sampreeth/car_management/web/car_service_reg.html</file>
            <file>file:/D:/final%20web%20sampreeth/car_management/web/success.html</file>
            <file>file:/D:/final%20web%20sampreeth/car_management/web/minor_checks_insert.jsp</file>
            <file>file:/D:/final%20web%20sampreeth/car_management/web/car_reg_update.jsp</file>
            <file>file:/D:/final%20web%20sampreeth/car_management/web/car_service_delete.jsp</file>
            <file>file:/D:/final%20web%20sampreeth/car_management/web/car_service_update.html</file>
            <file>file:/D:/final%20web%20sampreeth/car_management/web/minor_checks_display.jsp</file>
            <file>file:/D:/final%20web%20sampreeth/car_management/web/car_owner_reg_update.jsp</file>
            <file>file:/D:/final%20web%20sampreeth/car_management/web/view.html</file>
            <file>file:/D:/final%20web%20sampreeth/car_management/web/car_owner_reg_ins.jsp</file>
            <file>file:/D:/final%20web%20sampreeth/car_management/web/minor_checks_update.jsp</file>
            <file>file:/D:/final%20web%20sampreeth/car_management/web/login.jsp</file>
            <file>file:/D:/final%20web%20sampreeth/car_management/web/rc_card_update.html</file>
            <file>file:/D:/final%20web%20sampreeth/car_management/web/car_reg_update.html</file>
            <file>file:/D:/final%20web%20sampreeth/car_management/web/car_reg_ins.jsp</file>
            <file>file:/D:/final%20web%20sampreeth/car_management/web/rc_card_delete.jsp</file>
            <file>file:/D:/final%20web%20sampreeth/car_management/web/car_reg.html</file>
            <file>file:/D:/final%20web%20sampreeth/car_management/web/car_service_reg_dis.jsp</file>
            <file>file:/D:/final%20web%20sampreeth/car_management/web/car_service__reg_update.jsp</file>
            <file>file:/D:/final%20web%20sampreeth/car_management/web/minor_checks.html</file>
            <file>file:/D:/final%20web%20sampreeth/car_management/web/fail.html</file>
            <file>file:/D:/final%20web%20sampreeth/car_management/web/debug.log</file>
        </group>
    </open-files>
</project-private>
